{
  "javascript"      : "Taichi in javascript",
  "ci"              : "CI/CD workflow",
  "cpu"             : "CPU backends",
  "cuda"            : "CUDA backend",
  "doc"             : "Documentation",
  "docs"            : "Documentation",
  "infra"           : "Infrastructure",
  "cli"             : "Command line interface",
  "ir"              : "Intermediate representation",
  "lang"            : "Language and syntax",
  "aot"             : "Aot module",
  "metal"           : "Metal backend",
  "opengl"          : "OpenGL backend",
  "vulkan"          : "Vulkan backend",
  "dx11"            : "DirectX 11 backend",
  "dx12"            : "DirectX 12 backend",
  "spirv"           : "SPIR-V common codegen",
  "gfx"             : "Common graphics runtime",
  "rhi"             : "Unified Device API",
  "misc"            : "Miscellaneous",
  "std"             : "Standard library",
  "opt"             : "IR optimization passes",
  "example"         : "Examples",
  "pypi"            : "PyPI package",
  "autodiff"        : "Automatic differentiation",
  "sparse"          : "Sparse computation",
  "gui"             : "GUI",
  "llvm"            : "LLVM backend (CPU and CUDA)",
  "refactor"        : "Refactor",
  "bug"             : "Bug fixes",
  "test"            : "Tests",
  "benchmark"       : "Benchmarking",
  "mesh"            : "MeshTaichi",
  "workflow"        : "GitHub Actions/Workflows",
  "linux"           : "Linux",
  "android"         : "Android",
  "mac"             : "Mac OS X",
  "windows"         : "Windows",
  "docker"          : "Docker container",
  "perf"            : "Performance improvements",
  "ipython"         : "IPython and other shells",
  "error"           : "Error messages",
  "blender"         : "Blender integration",
  "export"          : "Exporting kernels",
  "type"            : "Type system",
  "simt"            : "SIMT programming",
  "release"         : "Release",
  "build"           : "Build system",
  "rfc"             : "RFC",
  "amdgpu"          : "AMDGPU backend"
}
