{
    "modules": [
        {
            "name": "taichi/taichi_platform.h",
            "is_built_in": true
        },
        {
            "name": "taichi/taichi_core.h",
            "default_definitions": [
                {
                    "name": "TI_C_API_VERSION"
                }
            ],
            "doc": "taichi/taichi_core.h.md",
            "required_modules": [
                "taichi/taichi_platform.h"
            ],
            "declarations": [
                {
                    "name": "bool",
                    "type": "alias",
                    "since": "v1.4.0",
                    "alias_of": "uint32_t"
                },
                {
                    "name": "false",
                    "type": "definition",
                    "since": "v1.4.0",
                    "value": "0"
                },
                {
                    "name": "true",
                    "type": "definition",
                    "since": "v1.4.0",
                    "value": "1"
                },
                {
                    "name": "flags",
                    "type": "alias",
                    "since": "v1.4.0",
                    "alias_of": "uint32_t"
                },
                {
                    "name": "null_handle",
                    "type": "definition",
                    "since": "v1.4.0",
                    "value": "0"
                },
                {
                    "name": "runtime",
                    "type": "handle",
                    "since": "v1.4.0",
                    "is_dispatchable": true
                },
                {
                    "name": "aot_module",
                    "type": "handle",
                    "since": "v1.4.0",
                    "is_dispatchable": true
                },
                {
                    "name": "memory",
                    "type": "handle",
                    "since": "v1.4.0",
                    "is_dispatchable": false
                },
                {
                    "name": "image",
                    "type": "handle",
                    "since": "v1.4.0",
                    "is_dispatchable": false
                },
                {
                    "name": "sampler",
                    "type": "handle",
                    "is_dispatchable": false
                },
                {
                    "name": "kernel",
                    "type": "handle",
                    "since": "v1.4.0",
                    "is_dispatchable": false
                },
                {
                    "name": "compute_graph",
                    "type": "handle",
                    "since": "v1.4.0",
                    "is_dispatchable": false
                },
                {
                    "name": "error",
                    "type": "enumeration",
                    "since": "v1.4.0",
                    "cases": {
                        "success": 0,
                        "not_supported": -1,
                        "corrupted_data": -2,
                        "name_not_found": -3,
                        "invalid_argument": -4,
                        "argument_null": -5,
                        "argument_out_of_range": -6,
                        "argument_not_found": -7,
                        "invalid_interop": -8,
                        "invalid_state": -9,
                        "incompatible_module": -10,
                        "out_of_memory": -11
                    }
                },
                {
                    "name": "arch",
                    "type": "enumeration",
                    "since": "v1.4.0",
                    "cases": {
                        "reserved": 0,
                        "vulkan": 1,
                        "metal": 2,
                        "cuda": 3,
                        "x64": 4,
                        "arm64": 5,
                        "opengl": 6,
                        "gles": 7
                    }
                },
                {
                    "name": "capability",
                    "type": "enumeration",
                    "since": "v1.4.0",
                    "inc_cases": "PER_DEVICE_CAPABILITY"
                },
                {
                    "name": "capability_level_info",
                    "type": "structure",
                    "since": "v1.4.0",
                    "fields": [
                        {
                            "type": "enumeration.capability"
                        },
                        {
                            "name": "level",
                            "type": "uint32_t"
                        }
                    ]
                },
                {
                    "name": "data_type",
                    "type": "enumeration",
                    "since": "v1.4.0",
                    "inc_cases": "PER_TYPE"
                },
                {
                    "name": "argument_type",
                    "type": "enumeration",
                    "since": "v1.4.0",
                    "cases": {
                        "i32": 0,
                        "f32": 1,
                        "ndarray": 2,
                        "texture": 3,
                        "scalar": 4,
                        "tensor": 5
                    }
                },
                {
                    "name": "memory_usage",
                    "type": "bit_field",
                    "since": "v1.4.0",
                    "bits": {
                        "storage": 0,
                        "uniform": 1,
                        "vertex": 2,
                        "index": 3
                    }
                },
                {
                    "name": "memory_allocate_info",
                    "type": "structure",
                    "since": "v1.4.0",
                    "fields": [
                        {
                            "name": "size",
                            "type": "uint64_t"
                        },
                        {
                            "name": "host_write",
                            "type": "alias.bool"
                        },
                        {
                            "name": "host_read",
                            "type": "alias.bool"
                        },
                        {
                            "name": "export_sharing",
                            "type": "alias.bool"
                        },
                        {
                            "name": "usage",
                            "type": "bit_field.memory_usage"
                        }
                    ]
                },
                {
                    "name": "memory_slice",
                    "type": "structure",
                    "since": "v1.4.0",
                    "fields": [
                        {
                            "type": "handle.memory"
                        },
                        {
                            "name": "offset",
                            "type": "uint64_t"
                        },
                        {
                            "name": "size",
                            "type": "uint64_t"
                        }
                    ]
                },
                {
                    "name": "nd_shape",
                    "type": "structure",
                    "since": "v1.4.0",
                    "fields": [
                        {
                            "name": "dim_count",
                            "type": "uint32_t"
                        },
                        {
                            "name": "dims",
                            "type": "uint32_t",
                            "count": 16
                        }
                    ]
                },
                {
                    "name": "nd_array",
                    "type": "structure",
                    "since": "v1.4.0",
                    "fields": [
                        {
                            "name": "memory",
                            "type": "handle.memory"
                        },
                        {
                            "name": "shape",
                            "type": "structure.nd_shape"
                        },
                        {
                            "name": "elem_shape",
                            "type": "structure.nd_shape"
                        },
                        {
                            "name": "elem_type",
                            "type": "enumeration.data_type"
                        }
                    ]
                },
                {
                    "name": "image_usage",
                    "type": "bit_field",
                    "since": "v1.4.0",
                    "bits": {
                        "storage": 0,
                        "sampled": 1,
                        "attachment": 2
                    }
                },
                {
                    "name": "image_dimension",
                    "type": "enumeration",
                    "since": "v1.4.0",
                    "cases": {
                        "1d": 0,
                        "2d": 1,
                        "3d": 2,
                        "1d_array": 3,
                        "2d_array": 4,
                        "cube": 5
                    }
                },
                {
                    "name": "image_layout",
                    "type": "enumeration",
                    "since": "v1.4.0",
                    "inc_cases": "PER_IMAGE_LAYOUT"
                },
                {
                    "name": "format",
                    "type": "enumeration",
                    "since": "v1.4.0",
                    "inc_cases": "PER_BUFFER_FORMAT"
                },
                {
                    "name": "image_offset",
                    "type": "structure",
                    "since": "v1.4.0",
                    "fields": [
                        {
                            "name": "x",
                            "type": "uint32_t"
                        },
                        {
                            "name": "y",
                            "type": "uint32_t"
                        },
                        {
                            "name": "z",
                            "type": "uint32_t"
                        },
                        {
                            "name": "array_layer_offset",
                            "type": "uint32_t"
                        }
                    ]
                },
                {
                    "name": "image_extent",
                    "type": "structure",
                    "since": "v1.4.0",
                    "fields": [
                        {
                            "name": "width",
                            "type": "uint32_t"
                        },
                        {
                            "name": "height",
                            "type": "uint32_t"
                        },
                        {
                            "name": "depth",
                            "type": "uint32_t"
                        },
                        {
                            "name": "array_layer_count",
                            "type": "uint32_t"
                        }
                    ]
                },
                {
                    "name": "image_allocate_info",
                    "type": "structure",
                    "since": "v1.4.0",
                    "fields": [
                        {
                            "name": "dimension",
                            "type": "enumeration.image_dimension"
                        },
                        {
                            "name": "extent",
                            "type": "structure.image_extent"
                        },
                        {
                            "name": "mip_level_count",
                            "type": "uint32_t"
                        },
                        {
                            "name": "format",
                            "type": "enumeration.format"
                        },
                        {
                            "name": "export_sharing",
                            "type": "alias.bool"
                        },
                        {
                            "name": "usage",
                            "type": "bit_field.image_usage"
                        }
                    ]
                },
                {
                    "name": "image_slice",
                    "type": "structure",
                    "since": "v1.4.0",
                    "fields": [
                        {
                            "type": "handle.image"
                        },
                        {
                            "name": "offset",
                            "type": "structure.image_offset"
                        },
                        {
                            "name": "extent",
                            "type": "structure.image_extent"
                        },
                        {
                            "name": "mip_level",
                            "type": "uint32_t"
                        }
                    ]
                },
                {
                    "name": "filter",
                    "type": "enumeration",
                    "inc_cases": "PER_FILTER"
                },
                {
                    "name": "address_mode",
                    "type": "enumeration",
                    "inc_cases": "PER_ADDRESS_MODE"
                },
                {
                    "name": "sampler_create_info",
                    "type": "structure",
                    "fields": [
                        {
                            "name": "mag_filter",
                            "type": "enumeration.filter"
                        },
                        {
                            "name": "min_filter",
                            "type": "enumeration.filter"
                        },
                        {
                            "name": "address_mode",
                            "type": "enumeration.address_mode"
                        },
                        {
                            "name": "max_anisotropy",
                            "type": "float"
                        }
                    ]
                },
                {
                    "name": "texture",
                    "type": "structure",
                    "since": "v1.4.0",
                    "fields": [
                        {
                            "name": "image",
                            "type": "handle.image"
                        },
                        {
                            "type": "handle.sampler"
                        },
                        {
                            "name": "dimension",
                            "type": "enumeration.image_dimension"
                        },
                        {
                            "name": "extent",
                            "type": "structure.image_extent"
                        },
                        {
                            "name": "format",
                            "type": "enumeration.format"
                        }
                    ]
                },
                {
                    "name": "scalar_value",
                    "type": "union",
                    "since": "v1.5.0",
                    "variants": [
                        {
                            "name": "x8",
                            "type": "uint8_t"
                        },
                        {
                            "name": "x16",
                            "type": "uint16_t"
                        },
                        {
                            "name": "x32",
                            "type": "uint32_t"
                        },
                        {
                            "name": "x64",
                            "type": "uint64_t"
                        }
                    ]
                },
                {
                    "name": "scalar",
                    "type": "structure",
                    "since": "v1.5.0",
                    "fields": [
                        {
                            "name": "type",
                            "type": "enumeration.data_type"
                        },
                        {
                            "name": "value",
                            "type": "union.scalar_value"
                        }
                    ]
                },
                {
                    "name": "tensor_value",
                    "type": "union",
                    "variants": [
                        {
                            "name": "x8",
                            "type": "uint8_t",
                            "count": 128
                        },
                        {
                            "name": "x16",
                            "type": "uint16_t",
                            "count": 64
                        },
                        {
                            "name": "x32",
                            "type": "uint32_t",
                            "count": 32
                        },
                        {
                            "name": "x64",
                            "type": "uint64_t",
                            "count": 16
                        }
                    ]
                },
                {
                    "name": "tensor_value_with_length",
                    "type": "structure",
                    "fields": [
                        {
                            "name": "length",
                            "type": "uint32_t"
                        },
                        {
                            "name": "data",
                            "type": "union.tensor_value"
                        }
                    ]
                },
                {
                    "name": "tensor",
                    "type": "structure",
                    "fields": [
                        {
                            "name": "type",
                            "type": "enumeration.data_type"
                        },
                        {
                            "name": "contents",
                            "type": "structure.tensor_value_with_length"
                        }
                    ]
                },
                {
                    "name": "argument_value",
                    "type": "union",
                    "since": "v1.4.0",
                    "variants": [
                        {
                            "name": "i32",
                            "type": "int32_t"
                        },
                        {
                            "name": "f32",
                            "type": "float"
                        },
                        {
                            "name": "ndarray",
                            "type": "structure.nd_array"
                        },
                        {
                            "name": "texture",
                            "type": "structure.texture"
                        },
                        {
                            "name": "scalar",
                            "type": "structure.scalar"
                        },
                        {
                            "name": "tensor",
                            "type": "structure.tensor"
                        }
                    ]
                },
                {
                    "name": "argument",
                    "type": "structure",
                    "since": "v1.4.0",
                    "fields": [
                        {
                            "name": "type",
                            "type": "enumeration.argument_type"
                        },
                        {
                            "name": "value",
                            "type": "union.argument_value"
                        }
                    ]
                },
                {
                    "name": "named_argument",
                    "type": "structure",
                    "since": "v1.4.0",
                    "fields": [
                        {
                            "name": "name",
                            "type": "const char*"
                        },
                        {
                            "type": "structure.argument"
                        }
                    ]
                },
                {
                    "name": "get_version",
                    "type": "function",
                    "since": "v1.4.0",
                    "parameters": [
                        {
                            "name": "@return",
                            "type": "uint32_t"
                        }
                    ]
                },
                {
                    "name": "get_available_archs",
                    "type": "function",
                    "since": "v1.4.0",
                    "parameters": [
                        {
                            "name": "arch_count",
                            "type": "uint32_t",
                            "by_mut": true
                        },
                        {
                            "name": "archs",
                            "type": "enumeration.arch",
                            "count": "arch_count",
                            "by_mut": true
                        }
                    ]
                },
                {
                    "name": "get_last_error",
                    "type": "function",
                    "since": "v1.4.0",
                    "parameters": [
                        {
                            "name": "@return",
                            "type": "enumeration.error"
                        },
                        {
                            "name": "message_size",
                            "type": "uint64_t",
                            "by_mut": true
                        },
                        {
                            "name": "message",
                            "type": "char",
                            "count": "message_size",
                            "by_mut": true
                        }
                    ]
                },
                {
                    "name": "set_last_error",
                    "type": "function",
                    "since": "v1.4.0",
                    "parameters": [
                        {
                            "type": "enumeration.error"
                        },
                        {
                            "name": "message",
                            "type": "const char*"
                        }
                    ]
                },
                {
                    "name": "create_runtime",
                    "type": "function",
                    "since": "v1.4.0",
                    "parameters": [
                        {
                            "name": "@return",
                            "type": "handle.runtime"
                        },
                        {
                            "type": "enumeration.arch"
                        },
                        {
                            "name": "device_index",
                            "type": "uint32_t"
                        }
                    ]
                },
                {
                    "name": "destroy_runtime",
                    "type": "function",
                    "since": "v1.4.0",
                    "parameters": [
                        {
                            "type": "handle.runtime"
                        }
                    ]
                },
                {
                    "name": "set_runtime_capabilities",
                    "type": "function",
                    "is_extension": true,
                    "since": "v1.4.0",
                    "parameters": [
                        {
                            "type": "handle.runtime"
                        },
                        {
                            "name": "capability_count",
                            "type": "uint32_t"
                        },
                        {
                            "name": "capabilities",
                            "type": "structure.capability_level_info",
                            "count": "capability_count"
                        }
                    ]
                },
                {
                    "name": "get_runtime_capabilities",
                    "type": "function",
                    "since": "v1.4.0",
                    "parameters": [
                        {
                            "type": "handle.runtime"
                        },
                        {
                            "name": "capability_count",
                            "type": "uint32_t",
                            "by_mut": true
                        },
                        {
                            "name": "capabilities",
                            "type": "structure.capability_level_info",
                            "count": "capability_count",
                            "by_mut": true
                        }
                    ]
                },
                {
                    "name": "allocate_memory",
                    "type": "function",
                    "since": "v1.4.0",
                    "parameters": [
                        {
                            "name": "@return",
                            "type": "handle.memory"
                        },
                        {
                            "type": "handle.runtime"
                        },
                        {
                            "name": "allocate_info",
                            "type": "structure.memory_allocate_info",
                            "by_ref": true
                        }
                    ]
                },
                {
                    "name": "free_memory",
                    "type": "function",
                    "since": "v1.4.0",
                    "parameters": [
                        {
                            "type": "handle.runtime"
                        },
                        {
                            "type": "handle.memory"
                        }
                    ]
                },
                {
                    "name": "map_memory",
                    "type": "function",
                    "since": "v1.4.0",
                    "parameters": [
                        {
                            "name": "@return",
                            "type": "void*"
                        },
                        {
                            "type": "handle.runtime"
                        },
                        {
                            "type": "handle.memory"
                        }
                    ]
                },
                {
                    "name": "unmap_memory",
                    "type": "function",
                    "since": "v1.4.0",
                    "parameters": [
                        {
                            "type": "handle.runtime"
                        },
                        {
                            "type": "handle.memory"
                        }
                    ]
                },
                {
                    "name": "allocate_image",
                    "type": "function",
                    "since": "v1.4.0",
                    "parameters": [
                        {
                            "name": "@return",
                            "type": "handle.image"
                        },
                        {
                            "type": "handle.runtime"
                        },
                        {
                            "name": "allocate_info",
                            "type": "structure.image_allocate_info",
                            "by_ref": true
                        }
                    ]
                },
                {
                    "name": "free_image",
                    "type": "function",
                    "since": "v1.4.0",
                    "parameters": [
                        {
                            "type": "handle.runtime"
                        },
                        {
                            "type": "handle.image"
                        }
                    ]
                },
                {
                    "name": "create_sampler",
                    "type": "function",
                    "parameters": [
                        {
                            "name": "@return",
                            "type": "handle.sampler"
                        },
                        {
                            "type": "handle.runtime"
                        },
                        {
                            "name": "create_info",
                            "type": "structure.sampler_create_info",
                            "by_ref": true
                        }
                    ]
                },
                {
                    "name": "destroy_sampler",
                    "type": "function",
                    "parameters": [
                        {
                            "type": "handle.runtime"
                        },
                        {
                            "type": "handle.sampler"
                        }
                    ]
                },
                {
                    "name": "copy_memory_device_to_device",
                    "type": "function",
                    "since": "v1.4.0",
                    "is_device_command": true,
                    "parameters": [
                        {
                            "type": "handle.runtime"
                        },
                        {
                            "name": "dst_memory",
                            "type": "structure.memory_slice",
                            "by_ref": true
                        },
                        {
                            "name": "src_memory",
                            "type": "structure.memory_slice",
                            "by_ref": true
                        }
                    ]
                },
                {
                    "name": "copy_image_device_to_device",
                    "type": "function",
                    "is_device_command": true,
                    "parameters": [
                        {
                            "type": "handle.runtime"
                        },
                        {
                            "name": "dst_image",
                            "type": "structure.image_slice",
                            "by_ref": true
                        },
                        {
                            "name": "src_image",
                            "type": "structure.image_slice",
                            "by_ref": true
                        }
                    ]
                },
                {
                    "name": "track_image",
                    "type": "function",
                    "is_extension": true,
                    "since": "v1.4.0",
                    "parameters": [
                        {
                            "type": "handle.runtime"
                        },
                        {
                            "type": "handle.image"
                        },
                        {
                            "name": "layout",
                            "type": "enumeration.image_layout"
                        }
                    ]
                },
                {
                    "name": "transition_image",
                    "type": "function",
                    "since": "v1.4.0",
                    "is_device_command": true,
                    "parameters": [
                        {
                            "type": "handle.runtime"
                        },
                        {
                            "type": "handle.image"
                        },
                        {
                            "name": "layout",
                            "type": "enumeration.image_layout"
                        }
                    ]
                },
                {
                    "name": "launch_kernel",
                    "type": "function",
                    "since": "v1.4.0",
                    "is_device_command": true,
                    "parameters": [
                        {
                            "type": "handle.runtime"
                        },
                        {
                            "type": "handle.kernel"
                        },
                        {
                            "name": "arg_count",
                            "type": "uint32_t"
                        },
                        {
                            "name": "args",
                            "type": "structure.argument",
                            "count": "arg_count"
                        }
                    ]
                },
                {
                    "name": "launch_compute_graph",
                    "type": "function",
                    "since": "v1.4.0",
                    "is_device_command": true,
                    "parameters": [
                        {
                            "type": "handle.runtime"
                        },
                        {
                            "type": "handle.compute_graph"
                        },
                        {
                            "name": "arg_count",
                            "type": "uint32_t"
                        },
                        {
                            "name": "args",
                            "type": "structure.named_argument",
                            "count": "arg_count"
                        }
                    ]
                },
                {
                    "name": "flush",
                    "type": "function",
                    "since": "v1.4.0",
                    "parameters": [
                        {
                            "type": "handle.runtime"
                        }
                    ]
                },
                {
                    "name": "wait",
                    "type": "function",
                    "since": "v1.4.0",
                    "parameters": [
                        {
                            "type": "handle.runtime"
                        }
                    ]
                },
                {
                    "name": "load_aot_module",
                    "type": "function",
                    "since": "v1.4.0",
                    "parameters": [
                        {
                            "name": "@return",
                            "type": "handle.aot_module"
                        },
                        {
                            "type": "handle.runtime"
                        },
                        {
                            "name": "module_path",
                            "type": "const char*"
                        }
                    ]
                },
                {
                    "name": "create_aot_module",
                    "type": "function",
                    "since": "v1.4.0",
                    "parameters": [
                        {
                            "name": "@return",
                            "type": "handle.aot_module"
                        },
                        {
                            "type": "handle.runtime"
                        },
                        {
                            "name": "tcm",
                            "type": "const void*"
                        },
                        {
                            "name": "size",
                            "type": "uint64_t"
                        }
                    ]
                },
                {
                    "name": "destroy_aot_module",
                    "type": "function",
                    "since": "v1.4.0",
                    "parameters": [
                        {
                            "type": "handle.aot_module"
                        }
                    ]
                },
                {
                    "name": "get_aot_module_kernel",
                    "type": "function",
                    "since": "v1.4.0",
                    "parameters": [
                        {
                            "name": "@return",
                            "type": "handle.kernel"
                        },
                        {
                            "type": "handle.aot_module"
                        },
                        {
                            "name": "name",
                            "type": "const char*"
                        }
                    ]
                },
                {
                    "name": "get_aot_module_compute_graph",
                    "type": "function",
                    "since": "v1.4.0",
                    "parameters": [
                        {
                            "name": "@return",
                            "type": "handle.compute_graph"
                        },
                        {
                            "type": "handle.aot_module"
                        },
                        {
                            "name": "name",
                            "type": "const char*"
                        }
                    ]
                }
            ]
        },
        {
            "name": "taichi/taichi_cpu.h",
            "required_modules": [
                "taichi/taichi_core.h"
            ],
            "declarations": [
                {
                    "name": "cpu_memory_interop_info",
                    "type": "structure",
                    "fields": [
                        {
                            "name": "ptr",
                            "type": "void*"
                        },
                        {
                            "name": "size",
                            "type": "uint64_t"
                        }
                    ]
                },
                {
                    "name": "export_cpu_memory",
                    "type": "function",
                    "parameters": [
                        {
                            "type": "handle.runtime"
                        },
                        {
                            "type": "handle.memory"
                        },
                        {
                            "name": "interop_info",
                            "type": "structure.cpu_memory_interop_info",
                            "by_mut": true
                        }
                    ]
                }
            ]
        },
        {
            "name": "taichi/taichi_cuda.h",
            "required_modules": [
                "taichi/taichi_core.h"
            ],
            "declarations": [
                {
                    "name": "cuda_memory_interop_info",
                    "type": "structure",
                    "fields": [
                        {
                            "name": "ptr",
                            "type": "void*"
                        },
                        {
                            "name": "size",
                            "type": "uint64_t"
                        }
                    ]
                },
                {
                    "name": "export_cuda_memory",
                    "type": "function",
                    "parameters": [
                        {
                            "type": "handle.runtime"
                        },
                        {
                            "type": "handle.memory"
                        },
                        {
                            "name": "interop_info",
                            "type": "structure.cuda_memory_interop_info",
                            "by_mut": true
                        }
                    ]
                }
            ]
        },
        {
            "name": "taichi/taichi_vulkan.h",
            "doc": "taichi/taichi_vulkan.h.md",
            "required_modules": [
                "taichi/taichi_core.h"
            ],
            "declarations": [
                {
                    "name": "vulkan_runtime_interop_info",
                    "type": "structure",
                    "since": "v1.4.0",
                    "fields": [
                        {
                            "name": "get_instance_proc_addr",
                            "type": "PFN_vkGetInstanceProcAddr"
                        },
                        {
                            "name": "api_version",
                            "type": "uint32_t"
                        },
                        {
                            "name": "instance",
                            "type": "VkInstance"
                        },
                        {
                            "name": "physical_device",
                            "type": "VkPhysicalDevice"
                        },
                        {
                            "name": "device",
                            "type": "VkDevice"
                        },
                        {
                            "name": "compute_queue",
                            "type": "VkQueue"
                        },
                        {
                            "name": "compute_queue_family_index",
                            "type": "uint32_t"
                        },
                        {
                            "name": "graphics_queue",
                            "type": "VkQueue"
                        },
                        {
                            "name": "graphics_queue_family_index",
                            "type": "uint32_t"
                        }
                    ]
                },
                {
                    "name": "vulkan_memory_interop_info",
                    "type": "structure",
                    "since": "v1.4.0",
                    "fields": [
                        {
                            "name": "buffer",
                            "type": "VkBuffer"
                        },
                        {
                            "name": "size",
                            "type": "uint64_t"
                        },
                        {
                            "name": "usage",
                            "type": "VkBufferUsageFlags"
                        },
                        {
                            "name": "memory",
                            "type": "VkDeviceMemory"
                        },
                        {
                            "name": "offset",
                            "type": "uint64_t"
                        }
                    ]
                },
                {
                    "name": "vulkan_image_interop_info",
                    "type": "structure",
                    "since": "v1.4.0",
                    "fields": [
                        {
                            "name": "image",
                            "type": "VkImage"
                        },
                        {
                            "name": "image_type",
                            "type": "VkImageType"
                        },
                        {
                            "name": "format",
                            "type": "VkFormat"
                        },
                        {
                            "name": "extent",
                            "type": "VkExtent3D"
                        },
                        {
                            "name": "mip_level_count",
                            "type": "uint32_t"
                        },
                        {
                            "name": "array_layer_count",
                            "type": "uint32_t"
                        },
                        {
                            "name": "sample_count",
                            "type": "VkSampleCountFlagBits"
                        },
                        {
                            "name": "tiling",
                            "type": "VkImageTiling"
                        },
                        {
                            "name": "usage",
                            "type": "VkImageUsageFlags"
                        }
                    ]
                },
                {
                    "name": "create_vulkan_runtime",
                    "type": "function",
                    "is_extension": true,
                    "since": "v1.4.0",
                    "parameters": [
                        {
                            "name": "@return",
                            "type": "handle.runtime"
                        },
                        {
                            "name": "api_version",
                            "type": "uint32_t"
                        },
                        {
                            "name": "instance_extension_count",
                            "type": "uint32_t"
                        },
                        {
                            "name": "instance_extensions",
                            "type": "const char**"
                        },
                        {
                            "name": "device_extension_count",
                            "type": "uint32_t"
                        },
                        {
                            "name": "device_extensions",
                            "type": "const char**"
                        }
                    ]
                },
                {
                    "name": "import_vulkan_runtime",
                    "type": "function",
                    "since": "v1.4.0",
                    "parameters": [
                        {
                            "name": "@return",
                            "type": "handle.runtime"
                        },
                        {
                            "name": "interop_info",
                            "type": "structure.vulkan_runtime_interop_info",
                            "by_ref": true
                        }
                    ]
                },
                {
                    "name": "export_vulkan_runtime",
                    "type": "function",
                    "since": "v1.4.0",
                    "parameters": [
                        {
                            "type": "handle.runtime"
                        },
                        {
                            "name": "interop_info",
                            "type": "structure.vulkan_runtime_interop_info",
                            "by_mut": true
                        }
                    ]
                },
                {
                    "name": "import_vulkan_memory",
                    "type": "function",
                    "since": "v1.4.0",
                    "parameters": [
                        {
                            "name": "@return",
                            "type": "handle.memory"
                        },
                        {
                            "type": "handle.runtime"
                        },
                        {
                            "name": "interop_info",
                            "type": "structure.vulkan_memory_interop_info",
                            "by_ref": true
                        }
                    ]
                },
                {
                    "name": "export_vulkan_memory",
                    "type": "function",
                    "since": "v1.4.0",
                    "parameters": [
                        {
                            "type": "handle.runtime"
                        },
                        {
                            "type": "handle.memory"
                        },
                        {
                            "name": "interop_info",
                            "type": "structure.vulkan_memory_interop_info",
                            "by_mut": true
                        }
                    ]
                },
                {
                    "name": "import_vulkan_image",
                    "type": "function",
                    "since": "v1.4.0",
                    "parameters": [
                        {
                            "name": "@return",
                            "type": "handle.image"
                        },
                        {
                            "type": "handle.runtime"
                        },
                        {
                            "name": "interop_info",
                            "type": "structure.vulkan_image_interop_info",
                            "by_ref": true
                        },
                        {
                            "name": "view_type",
                            "type": "VkImageViewType"
                        },
                        {
                            "name": "layout",
                            "type": "VkImageLayout"
                        }
                    ]
                },
                {
                    "name": "export_vulkan_image",
                    "type": "function",
                    "since": "v1.4.0",
                    "parameters": [
                        {
                            "type": "handle.runtime"
                        },
                        {
                            "type": "handle.image"
                        },
                        {
                            "name": "interop_info",
                            "type": "structure.vulkan_image_interop_info",
                            "by_mut": true
                        }
                    ]
                }
            ]
        },
        {
            "name": "taichi/taichi_opengl.h",
            "required_modules": [
                "taichi/taichi_core.h"
            ],
            "declarations": [
                {
                    "name": "opengl_runtime_interop_info",
                    "type": "structure",
                    "fields": [
                        {
                            "name": "get_proc_addr",
                            "type": "void*"
                        }
                    ]
                },
                {
                    "name": "opengl_memory_interop_info",
                    "type": "structure",
                    "fields": [
                        {
                            "name": "buffer",
                            "type": "GLuint"
                        },
                        {
                            "name": "size",
                            "type": "GLsizeiptr"
                        }
                    ]
                },
                {
                    "name": "opengl_image_interop_info",
                    "type": "structure",
                    "fields": [
                        {
                            "name": "texture",
                            "type": "GLuint"
                        },
                        {
                            "name": "target",
                            "type": "GLenum"
                        },
                        {
                            "name": "levels",
                            "type": "GLsizei"
                        },
                        {
                            "name": "format",
                            "type": "GLenum"
                        },
                        {
                            "name": "width",
                            "type": "GLsizei"
                        },
                        {
                            "name": "height",
                            "type": "GLsizei"
                        },
                        {
                            "name": "depth",
                            "type": "GLsizei"
                        }
                    ]
                },
                {
                    "name": "import_opengl_runtime",
                    "type": "function",
                    "parameters": [
                        {
                            "name": "@return",
                            "type": "handle.runtime"
                        },
                        {
                            "name": "interop_info",
                            "type": "structure.opengl_runtime_interop_info",
                            "by_mut": true
                        }
                    ]
                },
                {
                    "name": "export_opengl_runtime",
                    "type": "function",
                    "parameters": [
                        {
                            "type": "handle.runtime"
                        },
                        {
                            "name": "interop_info",
                            "type": "structure.opengl_runtime_interop_info",
                            "by_mut": true
                        }
                    ]
                },
                {
                    "name": "import_opengl_memory",
                    "type": "function",
                    "parameters": [
                        {
                            "name": "@return",
                            "type": "handle.memory"
                        },
                        {
                            "type": "handle.runtime"
                        },
                        {
                            "name": "interop_info",
                            "type": "structure.opengl_memory_interop_info",
                            "by_ref": true
                        }
                    ]
                },
                {
                    "name": "export_opengl_memory",
                    "type": "function",
                    "parameters": [
                        {
                            "type": "handle.runtime"
                        },
                        {
                            "type": "handle.memory"
                        },
                        {
                            "name": "interop_info",
                            "type": "structure.opengl_memory_interop_info",
                            "by_mut": true
                        }
                    ]
                },
                {
                    "name": "import_opengl_image",
                    "type": "function",
                    "parameters": [
                        {
                            "name": "@return",
                            "type": "handle.image"
                        },
                        {
                            "type": "handle.runtime"
                        },
                        {
                            "name": "interop_info",
                            "type": "structure.opengl_image_interop_info",
                            "by_ref": true
                        }
                    ]
                },
                {
                    "name": "export_opengl_image",
                    "type": "function",
                    "parameters": [
                        {
                            "type": "handle.runtime"
                        },
                        {
                            "type": "handle.image"
                        },
                        {
                            "name": "interop_info",
                            "type": "structure.opengl_image_interop_info",
                            "by_mut": true
                        }
                    ]
                }
            ]
        },
        {
            "name": "taichi/taichi_metal.h",
            "required_modules": [
                "taichi/taichi_core.h"
            ],
            "declarations": [
                {
                    "name": "ns_bundle",
                    "type": "handle",
                    "is_dispatchable": false
                },
                {
                    "name": "mtl_device",
                    "type": "handle",
                    "is_dispatchable": false
                },
                {
                    "name": "mtl_buffer",
                    "type": "handle",
                    "is_dispatchable": false
                },
                {
                    "name": "mtl_texture",
                    "type": "handle",
                    "is_dispatchable": false
                },
                {
                    "name": "metal_runtime_interop_info",
                    "type": "structure",
                    "fields": [
                        {
                            "name": "bundle",
                            "type": "handle.ns_bundle"
                        },
                        {
                            "name": "device",
                            "type": "handle.mtl_device"
                        }
                    ]
                },
                {
                    "name": "metal_memory_interop_info",
                    "type": "structure",
                    "fields": [
                        {
                            "name": "buffer",
                            "type": "handle.mtl_buffer"
                        }
                    ]
                },
                {
                    "name": "metal_image_interop_info",
                    "type": "structure",
                    "fields": [
                        {
                            "name": "texture",
                            "type": "handle.mtl_texture"
                        }
                    ]
                },
                {
                    "name": "import_metal_runtime",
                    "type": "function",
                    "parameters": [
                        {
                            "name": "@return",
                            "type": "handle.runtime"
                        },
                        {
                            "name": "interop_info",
                            "type": "structure.metal_runtime_interop_info",
                            "by_ref": true
                        }
                    ]
                },
                {
                    "name": "export_metal_runtime",
                    "type": "function",
                    "parameters": [
                        {
                            "type": "handle.runtime"
                        },
                        {
                            "name": "interop_info",
                            "type": "structure.metal_runtime_interop_info",
                            "by_mut": true
                        }
                    ]
                },
                {
                    "name": "import_metal_memory",
                    "type": "function",
                    "parameters": [
                        {
                            "name": "@return",
                            "type": "handle.memory"
                        },
                        {
                            "type": "handle.runtime"
                        },
                        {
                            "name": "interop_info",
                            "type": "structure.metal_memory_interop_info",
                            "by_ref": true
                        }
                    ]
                },
                {
                    "name": "export_metal_memory",
                    "type": "function",
                    "parameters": [
                        {
                            "type": "handle.runtime"
                        },
                        {
                            "type": "handle.memory"
                        },
                        {
                            "name": "interop_info",
                            "type": "structure.metal_memory_interop_info",
                            "by_mut": true
                        }
                    ]
                },
                {
                    "name": "import_metal_image",
                    "type": "function",
                    "parameters": [
                        {
                            "name": "@return",
                            "type": "handle.image"
                        },
                        {
                            "type": "handle.runtime"
                        },
                        {
                            "name": "interop_info",
                            "type": "structure.metal_image_interop_info",
                            "by_ref": true
                        }
                    ]
                },
                {
                    "name": "export_metal_image",
                    "type": "function",
                    "parameters": [
                        {
                            "type": "handle.runtime"
                        },
                        {
                            "type": "handle.image"
                        },
                        {
                            "name": "interop_info",
                            "type": "structure.metal_image_interop_info",
                            "by_mut": true
                        }
                    ]
                }
            ]
        },
        {
            "name": "taichi/taichi_unity.h",
            "required_modules": [
                "taichi/taichi_core.h"
            ],
            "declarations": [
                {
                    "name": "native_buffer",
                    "vendor": "unity",
                    "type": "handle",
                    "is_dispatchable": false
                },
                {
                    "name": "async_task",
                    "vendor": "unity",
                    "type": "callback",
                    "parameters": [
                        {
                            "name": "user_data",
                            "type": "void*"
                        }
                    ]
                },
                {
                    "name": "import_native_runtime",
                    "vendor": "unity",
                    "type": "function",
                    "parameters": [
                        {
                            "name": "@return",
                            "type": "handle.runtime"
                        }
                    ]
                },
                {
                    "name": "enqueue_task_async",
                    "vendor": "unity",
                    "type": "function",
                    "parameters": [
                        {
                            "name": "user_data",
                            "type": "void*"
                        },
                        {
                            "type": "callback.async_task"
                        }
                    ]
                },
                {
                    "name": "launch_kernel_async",
                    "vendor": "unity",
                    "type": "function",
                    "parameters": [
                        {
                            "type": "handle.runtime"
                        },
                        {
                            "type": "handle.kernel"
                        },
                        {
                            "name": "arg_count",
                            "type": "uint32_t"
                        },
                        {
                            "name": "args",
                            "type": "structure.argument",
                            "count": "arg_count"
                        }
                    ]
                },
                {
                    "name": "launch_compute_graph_async",
                    "vendor": "unity",
                    "type": "function",
                    "parameters": [
                        {
                            "type": "handle.runtime"
                        },
                        {
                            "type": "handle.compute_graph"
                        },
                        {
                            "name": "arg_count",
                            "type": "uint32_t"
                        },
                        {
                            "name": "args",
                            "type": "structure.named_argument",
                            "count": "arg_count"
                        }
                    ]
                },
                {
                    "name": "copy_memory_to_native_buffer_async",
                    "vendor": "unity",
                    "type": "function",
                    "parameters": [
                        {
                            "type": "handle.runtime"
                        },
                        {
                            "name": "dst",
                            "type": "handle.native_buffer"
                        },
                        {
                            "name": "dst_offset",
                            "type": "uint64_t"
                        },
                        {
                            "name": "src",
                            "type": "structure.memory_slice",
                            "by_ref": true
                        }
                    ]
                },
                {
                    "name": "copy_memory_device_to_host",
                    "vendor": "unity",
                    "type": "function",
                    "parameters": [
                        {
                            "type": "handle.runtime"
                        },
                        {
                            "name": "dst",
                            "type": "void*"
                        },
                        {
                            "name": "dst_offset",
                            "type": "uint64_t"
                        },
                        {
                            "name": "src",
                            "type": "structure.memory_slice",
                            "by_ref": true
                        }
                    ]
                },
                {
                    "name": "copy_memory_host_to_device",
                    "vendor": "unity",
                    "type": "function",
                    "parameters": [
                        {
                            "type": "handle.runtime"
                        },
                        {
                            "name": "dst",
                            "type": "structure.memory_slice",
                            "by_ref": true
                        },
                        {
                            "name": "src",
                            "type": "const void*"
                        },
                        {
                            "name": "src_offset",
                            "type": "uint64_t"
                        }
                    ]
                },
                {
                    "name": "submit_async",
                    "vendor": "unity",
                    "type": "function",
                    "parameters": [
                        {
                            "name": "@return",
                            "type": "void*"
                        },
                        {
                            "type": "handle.runtime"
                        }
                    ]
                }
            ]
        }
    ]
}
